epoch,train_loss,validation_track_accuracy,validation_track_macro_f1,learning_rate
1,1.9857319175616757,0.45,0.3716151232280264,0.001
2,1.6321200418207011,0.45,0.41707615191825714,0.001
3,1.5189409098141051,0.55,0.49980014137908874,0.001
4,1.4552940564626446,0.55,0.5245105498366367,0.001
5,1.3974876292060248,0.4375,0.36694106452418473,0.001
6,1.3348015366078085,0.6125,0.5649067745120376,0.001
7,1.2887690950666912,0.55,0.48765816055289735,0.001
8,1.2675754128643137,0.6875,0.6536565773407877,0.001
9,1.2224424622984025,0.5625,0.505982905982906,0.001
10,1.200844346730865,0.7,0.6884613778034832,0.001
11,1.1580430216517337,0.7,0.6620051353874883,0.001
12,1.1521609625000615,0.4875,0.44895754056744763,0.001
13,1.1231370896391146,0.5875,0.5411892736892737,0.001
14,1.1064264940121245,0.65,0.6043556494357409,0.0005
15,1.050024821546048,0.8125,0.7834033613445379,0.0005
16,1.0322901201181849,0.7625,0.7595308784782469,0.0005
17,1.0274387146733566,0.725,0.6890682030387912,0.0005
18,0.9892649202253955,0.775,0.7503113063407182,0.0005
19,1.0038646505008322,0.725,0.7168186302861226,0.00025
20,0.9765900278621986,0.7875,0.7822077922077921,0.00025
